epitope,ID,neoIM_score
SHLRNDTDVV,cand_11_o,0.7325
CLINDPWVL,cand_83_o,0.6695
ECLINDPWVLL,cand_112_o,0.66165
AIEECLINDPW,cand_79_o,0.66035
FLYVRTNGTSK,cand_92_o,0.65055
SHLRNDTDV,cand_20_o,0.64915
LYVRTNGTSK,cand_81_o,0.6253
IEECLINDPW,cand_64_o,0.62435
GMEMRRCLL,cand_47_o,0.6173
MEMRRCLLQSL,cand_52_o,0.60515
HLRNDTDVV,cand_19_o,0.60265
SMEFSLTDPR,cand_108_o,0.6001
VSMEFSLTDPR,cand_101_o,0.5991
EECLINDPWVL,cand_69_o,0.5936
EMRRCLLQSL,cand_61_o,0.5776
FLYVRTNGT,cand_95_o,0.571
MEFSLTDPRL,cand_104_o,0.56575
YVRTNGTSK,cand_88_o,0.5643
RCLLQSLQQI,cand_26,0.5628
WGMEMRRCL,cand_35_o,0.55385
LQSLQQIESM,cand_89,0.5536
NRFIEIGVTR,cand_99_o,0.5479
RRCLLQSLQQI,cand_17,0.54285
CLLQSLQQI,cand_23,0.5392
RFIEIGVTRR,cand_85_o,0.5382
EIGEDVAPI,cand_70_o,0.5377
QLEGFSAESRK,cand_7,0.51265
FSAESRKLLL,cand_21,0.50085
HLRNDTDVVNF,cand_116_o,0.4903
LEGFSAESRKL,cand_14,0.48195
KMKWGMEMRR,cand_72_o,0.47385
MRRCLLQSL,cand_68_o,0.4626
EFSLTDPRL,cand_76_o,0.46165
EECLINDPW,cand_67_o,0.45205
KMKWGMEMR,cand_74_o,0.4501
FIEIGVTRR,cand_102_o,0.4454
IIKGRSHLR,cand_110_o,0.43275
RFIEIGVTR,cand_34_o,0.41785
QSLQQIESM,cand_107,0.40145
FSAESRKLL,cand_22,0.37695
MEFSLTDPR,cand_84_o,0.3735
EGFSAESRK,cand_6,0.359
SAESRKLLL,cand_24,0.3263
